{"__type__":"cc.AnimationClip","_name":"zhaxia","_duration":0.4166666666666667,"wrapMode":0,"curveData":{"props":{"scaleX":[{"frame":0,"value":3,"curve":[0.57,1.03,0.98,1.32]},{"frame":0.4166666666666667,"value":1}],"scaleY":[{"frame":0,"value":3,"curve":[0.18,0.89,0.42,1.35]},{"frame":0.4166666666666667,"value":1}]}}}